path,sha256
media\company_logos\WhatsApp-Logo.png,1d543d7c8601d1a7184d8e5e6e8ccc30cd73564ce13ddc43dee88d1dc6fab8e2
media\project_screenshots\bakery.png,73c7785c3ba986987ed010e3d7e8047241939c98f842159515584696e34e0d26
media\project_screenshots\Home.png,5a237f28791a6ba8de0f98245cbab13162e3e4ddab8ef6a4b9dac92f3c967147
media\project_screenshots\login-signup-baby.png,5585027a510d8a4d7202628027a87b803e514301f0804ca67f5747b5b2e94760
media\project_screenshots\login-signup-baby_DRizyIY.png,5585027a510d8a4d7202628027a87b803e514301f0804ca67f5747b5b2e94760
media\project_screenshots\login-signup-baby_ffr2cEW.png,5585027a510d8a4d7202628027a87b803e514301f0804ca67f5747b5b2e94760
media\project_screenshots\login-signup-baby_I3o07R0.png,5585027a510d8a4d7202628027a87b803e514301f0804ca67f5747b5b2e94760
media\project_screenshots\login-signup-baby_THU3Yhi.png,5585027a510d8a4d7202628027a87b803e514301f0804ca67f5747b5b2e94760
media\project_screenshots\login-signup-baby_VDPtsEw.png,5585027a510d8a4d7202628027a87b803e514301f0804ca67f5747b5b2e94760
media\project_screenshots\medi-back.png,24b74771f3bd227ccb248a7afd4229e24e34c3321c27e3b9b7efa1bbd4c91b7e
media\project_screenshots\medi-back_dmZVlih.png,24b74771f3bd227ccb248a7afd4229e24e34c3321c27e3b9b7efa1bbd4c91b7e
media\project_screenshots\medi-back_oDeSW0d.png,24b74771f3bd227ccb248a7afd4229e24e34c3321c27e3b9b7efa1bbd4c91b7e
media\project_screenshots\medi-back_XRzYm9G.png,24b74771f3bd227ccb248a7afd4229e24e34c3321c27e3b9b7efa1bbd4c91b7e
media\project_screenshots\newgirl.jpeg,31c30c086f83706ea8607aa6de81371bb43f15a2ef03b431e9ab2711e518f65b
media\project_screenshots\vmarket.png,3a07a9ec9b01a70f930bde060ee1c9ae6eb1f5833e30e25b85a841dae92e79df
media\project_screenshots\wcard.png,2ef2d113cdf3e1d6ada11d03e140f37fd6e55b02541cd5cafbd0bce4479f5235
media\student_images\doremon.jpg,47ae1b11e2499882cdf48a01d51122f9191df14f47a9fa8d695423821f92d588
media\student_images\jeon.jpg,0a9b17f0a1a18f204c7dbebb79f8b90f3b5d42cfd562518872481b7204a4cb97
media\student_images\nobita.png,624ee29a4762afb9f1cc74f70c44e31e386ec1d6a2b16dd65086aaccd9301825
media\student_images\sizuka.png,99ea62c5580821e88f1eaa5821fdae97fa6b288bb21381593cc628add86970a0
media\student_images\sunio.jpg,25561e96e1f8afeed0bcd79cbf25ee285a4682491268726b889ec301ccc0272c
media\student_images\version2.png,4f6ad7b275bf25de3bbc7eb255f884cc1452aeec9519b5f804ed7cfa748d848f
media\student_images\version2_Cup2JEk.png,4f6ad7b275bf25de3bbc7eb255f884cc1452aeec9519b5f804ed7cfa748d848f
static\robots.txt,15eb0814d8eb9f5a09296e503bf299894a598f0d928dc97c420974b1f57dfe2d
static\.well-known\security.txt,d43cf103277113eb1a870335d959edf95d0dc75aa656bd90277b1c9c40ba9711
static\accounts\admin_home.css,953f49866406134d5bcfe7906d3865daeed201a9b3215d25ace8b0e5f3d451b3
static\accounts\admin_profiles.css,1fbebb6238492c081e409d898ed7b49331f776bbb56f7b16e39f09c4cbf2df93
static\accounts\admin_profiles.js,4444fc3530fff1a05839ee592ead4d1f7cbe2f1ec3b0178e18aec150df9c385d
static\accounts\admin_profiles_filter.css,5d662867aed90fd18dbe231d042460789fc87c26df07749ade97c9450020c00b
static\accounts\admin_sidebar.css,c6887e188a6771c07ad4f2175a47d1e2c9ea7a43426c8d0dda73ce0c89a12847
static\accounts\default_profile.png,c4e6a6512dd13d1566986401391d4f144158eae63e113ff4e19d78be8e566e03
static\accounts\hire_handler.js,e3b0c44298fc1c149afbf4c8996fb92427ae41e4649b934ca495991b7852b855
static\accounts\login.css,d77002a251cf74e1be4c70c0d7b3225f72655ca91312274ef20dbced73352c6f
static\accounts\loginbg.png,cdd1ca3521518b1c75568c9d88809743048570fa4e092c381b2048e8ba21eeef
static\accounts\notifications_poll.js,2c437515188356f627719fda7593f9f2303948addfded8249f02f0c44d3d2fcb
static\accounts\project-cards.css,1c4c794a31d080f00d93d69866e3a7191d64e634f41b57afc1452a733a3c7527
static\accounts\project-details.css,a0528fe6b2fae640edcab5f679acb45fe13b529d29333b8eab189ee10e7f1957
static\accounts\projects.css,92394ff0fd8ec5164c688d59dd704a6d9e76e1bcfb28bf399c753996735fe714
static\accounts\recruiter_dashboard.css,b1d756a1683448e5d29d4ed0030c423497bab8f539306fc4c235d477f5d44469
static\accounts\student_home.css,e93d77d92f0a5935c993b12e1a76a9a3165fa06c1cb979e1e1957ed40fd37911
static\accounts\student_profile.css,900b694a9c736e97810c7fbb909f5d9f0cc2ebe2bdc523134fbae59b1aceff70
static\accounts\student_profile_recruiter.js,aa8566f7793921efc76ab240494087a4a730fafcf3e805bd254baa95c9d5363c
static\accounts\vtslogo.jpg,6395ba88349eb10303917fb015a3e32e216592d37705ae7fbf37c522797404b1
templates\base.html,d2290fe982d156aa0d50116ce613e6d0b0fc5e4c3f8765faad3cb9fdaf7d51fd
templates\accounts\add_student_modal.html,48ac5b6f9a18096bb2597ee2957a71903650131bf423e90c043dc0c871a6a29f
templates\accounts\admin_home.html,7bd5b9da47e269b2e986dbbdcf8d97bf19fe62f07365f87324891fbd1d34524b
templates\accounts\admin_profiles.html,13c61310e6f190540cae3411de080317b300d9e8b8f99bb1c1e899e5921f2c86
templates\accounts\admin_projects.html,34cb8f15a0f4db8a6d29f4de07b28f9d278facc8d560f091f2b1f52ed168b04b
templates\accounts\browse_talent.html,042415e600a16a83b3801b88f2f971606f096c202ea9653951f8377bc643fb19
templates\accounts\home.html,7ecc7016a962d88405d325543a3304aea8180d34fbf0d45f7e4c5b96fd3bcb9b
templates\accounts\login.html,af2827da847511e81791e7031ba646933d142b01232f0425ef9e548d36d7de38
templates\accounts\notifications.html,3a63200ebbb6e6bf95f9335fa02e39efeb408dc4f0ae614a5ae0e39a056ca6ae
templates\accounts\no_profile.html,151dcd2bef40be547e0cd68776fe0e4d358015811f93e3e55741a777db466aed
templates\accounts\projects.html,81a68964292dab9125e5ad3ee1867fd8adc2b072a813c499b6205e5e0fcbb3ad
templates\accounts\projects.html.bak,c8fa1103c263e2df30304c50a377a4bd64331d077e72a6f19c2b522478206687
templates\accounts\projects.html.new,c1cf5bc58332a65beb4212efe393ec96077428fbf71d41723e9972d577259433
templates\accounts\project_details_recruiter_view.html,19e907110af1e9cc1cd94f2569917875a1f0e00de4987c08b4df5293e405b805
templates\accounts\public_student_projects.html,1b9206d323d10cf63e7fa23774efd29e45303bc5db86400d89f3c857dd2b9d18
templates\accounts\recruiter_home.html,d31eb0f4c40763a9bae7f9369dc0ee3c49574bf1b7bd84a2b364c02f98fade04
templates\accounts\recruiter_register.html,928b811bb51164d0297f93255c8b70b25474e5455b6b6d50b5f622733d4e14dc
templates\accounts\recruiter_sidebar.html,080ac06150a681ea10ea150934c1d58165212b15652ecc54755af77a591c03f9
templates\accounts\recruiter_student_projects.html,741e00c3870be17f7f6c355fcd7101c8455f27f3b2dd719c63181896c268d1c8
templates\accounts\saved_profiles.html,dc2a964e02f693cbb8df17060bafe74fb3b2e3bbd21b78efde16779f712907b5
templates\accounts\student_home.html,5725c55503e6aba128f98251a601191c013228e3db94c44e8c655e0e25ba34d6
templates\accounts\student_profile.html,5ab73d73368e0fc9a397d679fb85ac354a7557b8b5225fa73a8138e99291861f
templates\accounts\student_profile_recruiter_view.html,71503f3253f0bc3ec95651acacb583d3054d07fbabdd3891212a2d6866c95b39
templates\accounts\student_projects.html,741e00c3870be17f7f6c355fcd7101c8455f27f3b2dd719c63181896c268d1c8
templates\accounts\student_projects_list.html,e3b0c44298fc1c149afbf4c8996fb92427ae41e4649b934ca495991b7852b855
templates\accounts\student_project_details.html,511858289e83317593d9c24799a159f882785968f3740d0556551177061c6ed1
templates\accounts\student_project_details.html.bak,8c42e7bb88ee14e2f4b185e311a76f9d962fc1cd1c240d9298b72f6054f61dc8
